<?xml version="1.0" encoding="UTF-8" standalone="no"?>
<project>
	<configuration id="com.crt.advproject.config.exe.debug.1187683457" name="Debug">
		<extension point="org.eclipse.cdt.core.LanguageSettingsProvider">
			<provider copy-of="extension" id="org.eclipse.cdt.ui.UserLanguageSettingsProvider"/>
			<provider class="org.eclipse.cdt.managedbuilder.language.settings.providers.GCCBuildCommandParser" id="com.crt.advproject.GCCBuildCommandParser" keep-relative-paths="false" name="MCU GCC Build Output Parser" parameter="(arm-none-eabi-gcc)|(arm-none-eabi-[gc]\+\+)|(gcc)|([gc]\+\+)|(clang)" prefer-non-shared="true"/>
			<provider-reference id="org.eclipse.cdt.managedbuilder.core.MBSLanguageSettingsProvider" ref="shared-provider"/>
		</extension>
	</configuration>
	<configuration id="com.crt.advproject.config.exe.release.635380929" name="Release">
		<extension point="org.eclipse.cdt.core.LanguageSettingsProvider">
			<provider copy-of="extension" id="org.eclipse.cdt.ui.UserLanguageSettingsProvider"/>
			<provider copy-of="extension" id="com.crt.advproject.GCCBuildCommandParser"/>
			<provider-reference id="org.eclipse.cdt.managedbuilder.core.MBSLanguageSettingsProvider" ref="shared-provider"/>
		</extension>
	</configuration>
</project>
